ID,First_Name,Last_Name,Email,gender,Language,Phone_Number,Currency_Code,Account_Number
01J0TMBQMJ3PQS7EGPN9TTHV61,Pattie,Poveleye,ppoveleye0@4shared.com,M,Dhivehi,1864571384,ILS,9871455852
01J0TMBQMKGMJJ1S871HCTSPB5,Corby,Dehm,cdehm1@indiegogo.com,F,Japanese,5206241276,USD,3353512124
01J0TMBQMM0KZZ7E0WFMA0WTVE,Vinni,Schukert,vschukert2@google.es,N,Moldovan,3565704623,IDR,2114370889
01J0TMBQMNW89RHX0JF1NSYA97,Maddie,Redwall,mredwall3@youtube.com,D,Ndebele,5253104481,IDR,4442027680
01J0TMBQMPHWWKQE4G4PBEZ10E,Morse,Leward,mleward4@ft.com,S,Pashto,5159868225,RUB,4739573288
01J0TMBQMQVYE7DWDB1623FYJJ,Waring,Goodluck,wgoodluck5@slideshare.net,M,French,1704372550,IDR,9492365721
01J0TMBQMR2XJNDJXBW0B6723N,Willa,Dundin,wdundin6@1688.com,F,Papiamento,8692462139,IDR,1887186379
01J0TMBQMSKDCBMEQH8BDB1RCC,Faunie,Guiver,fguiver7@redcross.org,N,New Zealand Sign Language,9634631182,CNY,2980781077
01J0TMBQMTDY28FSYS5ZK84WPK,Paddy,Haskew,phaskew8@pinterest.com,D,Tswana,2712194347,UGX,6288117607
01J0TMBQMVXVD826H3D5C81J6C,Hillier,Symper,hsymper9@jigsy.com,S,Moldovan,9594726851,DKK,5506387173
01J0TMBQMW2KEQCXERSEG4NB6E,Mick,Pflieger,mpfliegera@newsvine.com,M,Aymara,4853910783,KGS,3145037421
01J0TMBQMXP044ZN3KDEZBJQ5C,Abelard,Smewings,asmewingsb@privacy.gov.au,F,Quechua,4241268562,IDR,5492058153
01J0TMBQMY1KXSCYNA31ERD02J,Adler,Sepey,asepeyc@jigsy.com,N,Luxembourgish,6835210891,EUR,9578331783
01J0TMBQMZTJK6VDCPAYWAYGD9,Adolphe,Paliser,apaliserd@si.edu,D,Spanish,8579677359,ZWL,7575954188
01J0TMBQN05KC9E82TXFKB2RB2,Darbie,Brito,dbritoe@cam.ac.uk,S,German,2502374751,CNY,7096887563
01J0TMBQN18E7PJSCVD9GXYSXW,Constantin,Aleveque,calevequef@163.com,S,Dhivehi,6949678878,EUR,4812882066
01J0TMBQN2MEBYT3PRD966F6HT,Wilburt,McMakin,wmcmaking@wix.com,M,Armenian,6383235283,BAM,3742414762
01J0TMBQN2RVMA6JGXM2YPVCPN,Lu,Tayspell,ltayspellh@wikipedia.org,F,Spanish,9293567341,CNY,1503039427
01J0TMBQN3Q2JGGA5JHBCQ1KPP,Wanda,Flips,wflipsi@sourceforge.net,N,Luxembourgish,2061121423,PLN,1485290625
01J0TMBQN4TXGQZA1KQCTBEPXK,Edithe,Gaythorpe,egaythorpej@jigsy.com,D,Bulgarian,1793451010,EUR,5745425320
01J0TMBQN5SMRRPRSTXE457VEV,Bentlee,Baldwin,bbaldwink@cargocollective.com,S,Hebrew,4853079981,ARS,7566289485
01J0TMBQN63EGN3B0CJYXDWVQ9,Jethro,Deans,jdeansl@google.ru,M,Dzongkha,8502776244,CNY,4529226966
01J0TMBQN7Y386YXXYW6PBCH9N,Melody,Pringley,mpringleym@biglobe.ne.jp,F,Indonesian,8759016540,BRL,3696464871
01J0TMBQN8R7Q30PFEBBCBBBDK,Colette,Bonar,cbonarn@latimes.com,N,Khmer,1192288446,PHP,9070776382
01J0TMBQN94605DBW8P67AQKCY,Delainey,Wiltshear,dwiltshearo@ucoz.com,D,Greek,7037874394,EUR,7399982805
01J0TMBQNATW46BAXFFXKAAJXY,Saw,Pocknoll,spocknollp@mtv.com,S,Lao,1043163028,PKR,5078968724
01J0TMBQNB4CVVF5CBZV2KC669,Munmro,Terbeck,mterbeckq@house.gov,F,Kannada,5049429747,BRL,4098617965
01J0TMBQNC2CC6M1019EKW87PX,Galven,Gaule,ggauler@blogger.com,N,Polish,8747178312,PHP,3083594867
01J0TMBQND3VNSDRDHH3TW8H4D,Bradley,Byford,bbyfords@slashdot.org,D,Dzongkha,8111028627,CNY,5287977334
01J0TMBQNEEVEXFZEHV9TY2RVT,Ingar,Pouton,ipoutont@sina.com.cn,S,Armenian,7159014508,IDR,2318890550
01J0TMBQNFHT24CZWHV67PKCZK,Putnem,Blincoe,pblincoeu@alibaba.com,M,Kurdish,9788112384,EUR,4812750702
01J0TMBQNFYF30DR3AQN3QK77P,Rakel,Chismon,rchismonv@github.com,F,Greek,4603186657,MXN,4626042726
01J0TMBQNGEVSP75F5PAB9FP8P,Fidel,Christauffour,fchristauffourw@netlog.com,N,Bislama,6114151167,KMF,7519030629
01J0TMBQNHFG1V6ZTME2AZAH38,Imojean,MacPike,imacpikex@bluehost.com,D,Chinese,5343182703,IDR,6300128898
01J0TMBQNJVJP8V05SCTVA4VZ3,Tove,Statersfield,tstatersfieldy@opera.com,S,Armenian,4593581276,PHP,3581405477
01J0TMBQNK7FPF4FBPDVFJSQ0K,Annadiane,Corradi,acorradiz@imageshack.us,M,Filipino,5437800973,PHP,9967590811
01J0TMBQNM68QDJBH9NJNNQ075,Niel,Vamplew,nvamplew10@blog.com,F,Czech,1758990258,IDR,1006314400
01J0TMBQNNWH00T6G8NE2QP1GD,Aundrea,Lannen,alannen11@shutterfly.com,N,Marathi,5278995654,CNY,2054953217
01J0TMBQNPSNWVHJQ85XSSDTX9,Jeane,Chittock,jchittock12@netvibes.com,D,Irish Gaelic,4823970979,BRL,6461550604
01J0TMBQNQENWMQPDGRF9KKEVY,Bearnard,Durek,bdurek13@technorati.com,S,Papiamento,7612852605,IDR,2860103533
01J0TMBQNR5Y4TCYJ33W1G1TTT,Bax,Hopkynson,bhopkynson14@photobucket.com,N,Indonesian,6645292473,TZS,8084110271
01J0TMBQNSA6K3GE5JJ1Z0P9PR,Haydon,Mussen,hmussen15@qq.com,M,Spanish,5184721412,CNY,6582421359
01J0TMBQNSEMZ43YZ6VPB0ATDB,Orly,Ruddock,oruddock16@sfgate.com,F,Chinese,8996678160,HNL,6119358185
01J0TMBQNTN7QRPRG2A6S3M362,Philippa,Luce,pluce17@globo.com,N,Norwegian,7112043127,CNY,4197314394
01J0TMBQNVDGR0JQ2JAVF6BC88,Nannie,Davydochkin,ndavydochkin18@webs.com,D,Macedonian,7324595696,MXN,7944115581
01J0TMBQNWZY6A7AP8SVKW2VMS,Dill,Gilliard,dgilliard19@alibaba.com,S,Oriya,1693018114,BRL,2785633374
01J0TMBQNX8W47H7AE0AS8Q4YA,Maxy,Coit,mcoit1a@sun.com,M,Gagauz,3576369072,CNY,6059685206
01J0TMBQNYZREZ36PY06F77WQR,Orsa,Jahnisch,ojahnisch1b@qq.com,F,Tetum,4034059831,CNY,9993166501
01J0TMBQNZY9X24BPJSWW889VP,Nikolaos,Ochterlony,nochterlony1c@tamu.edu,N,Dari,8089583103,PEN,9719899136
01J0TMBQP08XBXRFGTF6HP6FNG,Kathie,Hradsky,khradsky1d@marketwatch.com,D,English,4078572937,BGN,9766723941
01J0TMBQP018JC21MZ2BF9EH7M,Thayne,Beaman,tbeaman1e@vk.com,S,Kazakh,1777199589,COP,5171453558
01J0TMBQP1FW8118R5FE93Z4B2,Anderson,Elgood,aelgood1f@webmd.com,M,Moldovan,4075982329,MXN,2759420554
01J0TMBQP2J8PHDCP2JD1J0PMY,Cynthie,Philipp,cphilipp1g@istockphoto.com,F,Icelandic,4796773260,RUB,5806235306
01J0TMBQP3J2YKV5YEEQ3P81VW,Moshe,Haddleton,mhaddleton1h@yellowpages.com,N,French,4162679971,PHP,2454234277
01J0TMBQP48WXAMGTY3Y2PYTW7,Salvidor,McKirdy,smckirdy1i@people.com.cn,D,Italian,1456832922,BYR,7823926831
01J0TMBQP5RK6CGCR4CG2FJ4FC,Alayne,Cumes,acumes1j@businessinsider.com,S,Irish Gaelic,4333527180,LTL,3962341055
01J0TMBQP6YBPXR22N1K1GZAJA,Charmine,Belverstone,cbelverstone1k@rakuten.co.jp,D,Malagasy,6896345900,GMD,9132816934
01J0TMBQP7PJRDQ50F1DJZKPRW,Kermy,Sirette,ksirette1l@biblegateway.com,S,German,4588040157,KRW,7959704387
01J0TMBQP85PM20EZWA1ZWY973,Micki,Kirton,mkirton1m@multiply.com,M,Tok Pisin,8409067386,AUD,4921939009
01J0TMBQP9Z9PD8HD75PQ23THV,Cull,Luty,cluty1n@eepurl.com,F,New Zealand Sign Language,2307808831,UGX,8778889310
01J0TMBQPAXW30K7S8DWHDT04E,Geraldine,Birdis,gbirdis1o@privacy.gov.au,N,Hungarian,5203176868,EUR,4927289710
01J0TMBQPBZ20ARG69DHDRMECZ,Lynsey,Mechem,lmechem1p@nsw.gov.au,D,Indonesian,4523661120,ZWL,9956159135
01J0TMBQPC3V2MCHZEB8X3TGE3,Penelope,Lorkins,plorkins1q@reverbnation.com,S,Malayalam,4031069154,BOB,4937368585
01J0TMBQPCN9P1PF6M212X3CRF,Georas,Sollime,gsollime1r@wikia.com,F,Quechua,3536679989,ALL,4178130764
01J0TMBQPDEVBDCDP46NWXGSTB,Ingelbert,Forre,iforre1s@marketwatch.com,N,Māori,1643548788,EUR,2643136468
01J0TMBQPEABMKEK31E062617M,Salvatore,Mapowder,smapowder1t@washingtonpost.com,D,Māori,2225335281,VEF,9692070751
01J0TMBQPF5QNH8JSCAFNQPD39,Tadio,Chiechio,tchiechio1u@acquirethisname.com,S,Croatian,3839061423,BRL,9569817125
01J0TMBQPGQZBX2KJWVQACMSRW,Zarah,Hebblewhite,zhebblewhite1v@buzzfeed.com,D,Fijian,1768019661,SEK,6287653208
01J0TMBQPHE9HJGW1FZQ138RJ8,Kristien,Rizzo,krizzo1w@springer.com,S,Spanish,7822672230,NOK,7530453638
01J0TMBQPJ132SAPCB8CW25E07,Dominick,Kitteman,dkitteman1x@wordpress.com,M,Swahili,5259583792,IDR,8399992332
01J0TMBQPKY50M9MWTNGPHG5ZF,Sheryl,Phelit,sphelit1y@github.io,F,West Frisian,9783395424,IRR,5740075848
01J0TMBQPK4C6NHGP48MN4HQ3S,Kalle,Crock,kcrock1z@dot.gov,N,Tswana,4492104835,IDR,5335694580
01J0TMBQPM15R5C7G7X4NDD91G,Elisha,Rivers,erivers20@amazon.co.uk,D,Somali,5161642544,USD,2899489632
01J0TMBQPNTH945FB1FH7X2YBW,Ingmar,Whitten,iwhitten21@mediafire.com,S,Norwegian,6061843349,XAF,9748208709
01J0TMBQPPRAE1HZ65HNA702CN,Ermina,Paschek,epaschek22@accuweather.com,M,French,5323420766,CUP,3946018593
01J0TMBQPQXDYN92BQHR002D97,Nobe,MacEntee,nmacentee23@smh.com.au,F,Dari,4302445782,USD,1039638595
01J0TMBQPR5SXD3JP3H060V8EM,Lyn,Tomson,ltomson24@google.co.uk,N,Somali,1743317905,THB,8117175441
01J0TMBQPSAR4B8B4EZKNMANE9,Agnola,Brownbill,abrownbill25@wp.com,D,French,5459776947,JPY,8816623142
01J0TMBQPTSCK36KV5Y92WDXZV,Rois,Soane,rsoane26@ycombinator.com,M,Croatian,6364281377,GTQ,2451308737
01J0TMBQPVNJJGXT3D884SD01B,Novelia,Golland,ngolland27@squidoo.com,F,Irish Gaelic,7909844447,CNY,6213797491
01J0TMBQPVR98BV56AEJA4G9BG,Cathe,Smedley,csmedley28@comcast.net,N,Korean,8779824030,BOB,2153843801
01J0TMBQPXYY722KT0XXFDS6N1,Emmerich,Bellenger,ebellenger29@amazon.de,D,Quechua,7957664231,CNY,7585035084
01J0TMBQPYZCWZB1K6TMJCW8JZ,Frankie,Moncey,fmoncey2a@google.de,S,Romanian,7706369035,SYP,8672299757
01J0TMBQPZVMBZF5XV32MPNY14,Hinda,Cursons,hcursons2b@about.com,M,Japanese,8625739364,COP,2527282852
01J0TMBQQ0GYWGA3Q4HZB2E0S7,Jarrad,Dioniso,jdioniso2c@nbcnews.com,F,Thai,8074680923,BRL,5015024563
01J0TMBQQ23ENA64BAYJJ23YKX,William,Mosten,wmosten2d@typepad.com,N,Hungarian,2709084439,COP,2809614272
01J0TMBQQ4YGESG9SVEGP1RYWG,Bobbye,Colledge,bcolledge2e@topsy.com,D,Maltese,6561086933,CNY,8761614173
01J0TMBQQ6KCH2TCREM6V9GZAS,Terence,Lammerts,tlammerts2f@scribd.com,S,Irish Gaelic,3997919280,VND,3852741999
01J0TMBQQ85WGZ1560YGWFF8P5,Teresa,Orneles,torneles2g@topsy.com,S,Tsonga,1654136124,CNY,2763064580
01J0TMBQQAST54E0XA37EAYNKY,Pavla,Bygate,pbygate2h@ibm.com,M,Telugu,8999294369,AOA,2854267776
01J0TMBQQCERXYWNZCPH8KBZ7H,Georg,Ovesen,govesen2i@wordpress.org,F,Malayalam,1919696757,CNY,2644972846
01J0TMBQQDHG4X1J5HMVK63J3E,Kissee,Verman,kverman2j@bbb.org,N,Indonesian,9142758586,MAD,8622016707
01J0TMBQQE2XD56WA2C3HMCV2R,Shanta,Mackrill,smackrill2k@slate.com,D,Albanian,8592893280,IDR,7805582993
01J0TMBQQF6GM92FFT4EE6HRDJ,Jarrett,Pledger,jpledger2l@google.com,S,Kurdish,9197449600,CNY,2717631846
01J0TMBQQG2NJNY717GRBNRZ5G,Andy,Aickin,aaickin2m@w3.org,M,Khmer,4185517319,PLN,8855390590
01J0TMBQQHVE9H4N1T7PDPSSV0,Evangelia,Ferenc,eferenc2n@boston.com,F,Kyrgyz,7463079591,LRD,3335225464
01J0TMBQQJSFG13WM0ZZCSBZKY,Mano,Frankcomb,mfrankcomb2o@wikia.com,N,Māori,4946305210,CNY,3184330113
01J0TMBQQKMCWHMC8CNJ2KSAHK,Saudra,Alibone,salibone2p@rambler.ru,D,Estonian,9375589918,UAH,3554103853
01J0TMBQQM1GY04V6SF7R6D3D6,Jolene,Gallone,jgallone2q@toplist.cz,S,Lao,1005762757,MAD,9438517718
01J0TMBQQN587ZYCM72F14143Q,Gene,Pleming,gpleming2r@hp.com,S,Swati,8845221334,IDR,9258259229
